code,primary_num,primary_desc,secondary_alpha,secondary_desc,,clear_categories
10A,10,TRANSFER - REQUEST/OBJECTION,A,TRANSFER FOR PROTECTION REASONS,,TRANSFER - REQUEST/OBJECTION
10B,10,TRANSFER - REQUEST/OBJECTION,B,TRANSFER FOR MEDICAL REASONS,,TRANSFER - REQUEST/OBJECTION
10C,10,TRANSFER - REQUEST/OBJECTION,C,TRANSFER FOR RELEASE DESTINATION,,TRANSFER - REQUEST/OBJECTION
10D,10,TRANSFER - REQUEST/OBJECTION,D,TRANSFER FOR PROGRAM PARTICIPATION,,TRANSFER - REQUEST/OBJECTION
10Z,10,TRANSFER - REQUEST/OBJECTION,Z,TRANSFER - OTHER,,TRANSFER - REQUEST/OBJECTION
11A,11,"EDUCATION, RECREATION, LEISURE",A,ADULT BASIC EDUCATION (ABE),,"EDUCATION, RECREATION, LEISURE"
11B,11,"EDUCATION, RECREATION, LEISURE",B,SECONDARY EDUCATION (GED),,"EDUCATION, RECREATION, LEISURE"
11C,11,"EDUCATION, RECREATION, LEISURE",C,POST-SECONDARY EDUCATION (PSE),,"EDUCATION, RECREATION, LEISURE"
11D,11,"EDUCATION, RECREATION, LEISURE",D,VOCATIONAL TRAINING,,"EDUCATION, RECREATION, LEISURE"
11E,11,"EDUCATION, RECREATION, LEISURE",E,LIBRARY SERVICES (EXCEPT LAW LIBRARY),,"EDUCATION, RECREATION, LEISURE"
11F,11,"EDUCATION, RECREATION, LEISURE",F,INMATE ORGANIZATIONS,,"EDUCATION, RECREATION, LEISURE"
11G,11,"EDUCATION, RECREATION, LEISURE",G,"RECREATION, LEISURE ACTIVITIES",,"EDUCATION, RECREATION, LEISURE"
11Z,11,"EDUCATION, RECREATION, LEISURE",Z,EDUCATION - OTHER,,"EDUCATION, RECREATION, LEISURE"
12A,12,WORK ASSIGNMENTS,A,"UNICOR - ASSIGNMENT, WORKING CONDITIONS",,WORK ASSIGNMENTS
12B,12,WORK ASSIGNMENTS,B,"UNICOR - GRADE, PAY, PROMOTION, BENEFITS",,WORK ASSIGNMENTS
12C,12,WORK ASSIGNMENTS,C,UNICOR - WAITING LIST,,WORK ASSIGNMENTS
12D,12,WORK ASSIGNMENTS,D,"INSTITUTION JOB - ASSIGNMENT, JOB COMPLAINT",,WORK ASSIGNMENTS
12E,12,WORK ASSIGNMENTS,E,"PERFORMANCE PAY, MGT., BENEFITS",,WORK ASSIGNMENTS
12Y,12,WORK ASSIGNMENTS,Y,UNICOR WORK ASSIGNMENT - OTHER,,WORK ASSIGNMENTS
12Z,12,WORK ASSIGNMENTS,Z,INSTITUTION WORK ASSIGNMENT - OTHER,,WORK ASSIGNMENTS
13A,13,CLASSIFICATION MATTERS,A,CLASSIFICATION/PROGRAM REVIEWS,,CLASSIFICATION MATTERS
13B,13,CLASSIFICATION MATTERS,B,SECURITY/CUSTODY CLASSIFICATION - EXCEPT PSF APPEALS,,CLASSIFICATION MATTERS
13C,13,CLASSIFICATION MATTERS,C,CENTRAL INMATE MONITORING - SEPARATION,,CLASSIFICATION MATTERS
13D,13,CLASSIFICATION MATTERS,D,CENTRAL INMATE MONITORING - EXCEPT SEPARATION,,CLASSIFICATION MATTERS
13E,13,CLASSIFICATION MATTERS,E,PROGRESS REPORTS,,CLASSIFICATION MATTERS
13F,13,CLASSIFICATION MATTERS,F,RESTORATION OF STATUTORY GOOD TIME,,CLASSIFICATION MATTERS
13G,13,CLASSIFICATION MATTERS,G,COMPASSIONATE RELEASE REQUEST,,CLASSIFICATION MATTERS
13H,13,CLASSIFICATION MATTERS,H,HOUSING ASSIGNMENT (EXCEPT SPECIAL HOUSING UNITS),,CLASSIFICATION MATTERS
13I,13,CLASSIFICATION MATTERS,I,PUBLIC SAFETY FACTOR APPEALS,,CLASSIFICATION MATTERS
13J,13,CLASSIFICATION MATTERS,J,WALSH ACT CLASSIFICATION,,CLASSIFICATION MATTERS
13K,13,CLASSIFICATION MATTERS,K,INITIAL DESIGNATION DECISION,,CLASSIFICATION MATTERS
13L,13,CLASSIFICATION MATTERS,L,COMPASSIONATE RELEASE REQUEST - OTHER/NON-MEDICAL,,CLASSIFICATION MATTERS
13Z,13,CLASSIFICATION MATTERS,Z,OTHER CLASSIFICATION MATTERS,,CLASSIFICATION MATTERS
14A,14,CONTROL UNIT,A,CONTROL UNIT PLACEMENT,,CONTROL UNIT
14B,14,CONTROL UNIT,B,CONTROL UNIT REVIEWS,,CONTROL UNIT
14C,14,CONTROL UNIT,C,CONTROL UNIT RELEASE,,CONTROL UNIT
14G,14,CONTROL UNIT,G,ADX GENERAL POPULATION – INITIAL PLACEMENT,,CONTROL UNIT
14H,14,CONTROL UNIT,H,SECURE MENTAL HEALTH UNIT/STEP DOWN PROGRAM,,CONTROL UNIT
14Z,14,CONTROL UNIT,Z,CONTROL UNIT - OTHER,,CONTROL UNIT
15A,15,"PROGRAMS, INSTITUTION",A,INMATE FINANCIAL RESPONSIBILITY,,"PROGRAMS, INSTITUTION"
15B,15,"PROGRAMS, INSTITUTION",B,RELIGIOUS PROGRAMS (EXCEPT FOOD/DIETS/MEALS) - ACCESS TO,,"PROGRAMS, INSTITUTION"
15C,15,"PROGRAMS, INSTITUTION",C,RELIGIOUS DIET: CERTIFIED/NON-FLESH ALTERNATIVES - ACCESS TO,,"PROGRAMS, INSTITUTION"
15D,15,"PROGRAMS, INSTITUTION",D,SUBSTANCE ABUSE PROGRAMS,,"PROGRAMS, INSTITUTION"
15E,15,"PROGRAMS, INSTITUTION",E,RESEARCH/GENETIC TESTING PROGRAMS,,"PROGRAMS, INSTITUTION"
15F,15,"PROGRAMS, INSTITUTION",F,SPECIAL CONFINEMENT UNIT,,"PROGRAMS, INSTITUTION"
15G,15,"PROGRAMS, INSTITUTION",G,RELIGIOUS RITUALS,,"PROGRAMS, INSTITUTION"
15H,15,"PROGRAMS, INSTITUTION",H,COMMUNICATION MANAGEMENT  UNIT,,"PROGRAMS, INSTITUTION"
15I,15,"PROGRAMS, INSTITUTION",I,SPECIAL MANAGEMENT UNIT,,"PROGRAMS, INSTITUTION"
15Z,15,"PROGRAMS, INSTITUTION",Z,OTHER INSTITUTION PROGRAMS,,"PROGRAMS, INSTITUTION"
16A,16,MAIL COMMUNICATION,A,INCOMING PUBLICATIONS (INCL. REJECTION OR CONFISCATION),,MAIL COMMUNICATION
16B,16,MAIL COMMUNICATION,B,CORRESPONDENCE - REJECTION OR CONFISCATION,,MAIL COMMUNICATION
16C,16,MAIL COMMUNICATION,C,"PACKAGES - APPROVAL, DENIAL, REJECTION, ETC.",,MAIL COMMUNICATION
16D,16,MAIL COMMUNICATION,D,"ENCLOSURES - APPROVAL, REJECTION, CONFISCATION, ETC.",,MAIL COMMUNICATION
16E,16,MAIL COMMUNICATION,E,RESTRICTED MAIL,,MAIL COMMUNICATION
16F,16,MAIL COMMUNICATION,F,POSTAGE,,MAIL COMMUNICATION
16G,16,MAIL COMMUNICATION,G,TRULINCS,,MAIL COMMUNICATION
16Z,16,MAIL COMMUNICATION,Z,OTHER MAIL COMPLAINTS,,MAIL COMMUNICATION
17A,17,COMMUNICATION-OTHER THAN MAIL,A,PHONE CALLS (EXCEPT LEGAL CALLS),,COMMUNICATION-OTHER THAN MAIL
17B,17,COMMUNICATION-OTHER THAN MAIL,B,MARRIAGE,,COMMUNICATION-OTHER THAN MAIL
17C,17,COMMUNICATION-OTHER THAN MAIL,C,NEWS MEDIA CONTACTS,,COMMUNICATION-OTHER THAN MAIL
17L,17,COMMUNICATION-OTHER THAN MAIL,L,PHONE CALLS - 300 MIN. LIMITATION CONCERNS,,COMMUNICATION-OTHER THAN MAIL
17Z,17,COMMUNICATION-OTHER THAN MAIL,Z,OTHER NON-MAIL COMMUNICATION,,COMMUNICATION-OTHER THAN MAIL
18A,18,VISITING,A,VISITING LIST,,VISITING
18B,18,VISITING,B,VISITING TIME AND CONDITIONS,,VISITING
18C,18,VISITING,C,VISIT RELATED SEARCHES,,VISITING
18D,18,VISITING,D,ION SPECTROMETRY PROGRAM,,VISITING
18Z,18,VISITING,Z,OTHER VISITING COMPLAINTS,,VISITING
19A,19,COMMUNITY/PRE-RELEASE PROGRAMS,A,FURLOUGHS - SOCIAL,,COMMUNITY/PRE-RELEASE PROGRAMS
19B,19,COMMUNITY/PRE-RELEASE PROGRAMS,B,FURLOUGHS - OTHER,,COMMUNITY/PRE-RELEASE PROGRAMS
19C,19,COMMUNITY/PRE-RELEASE PROGRAMS,C,WORK/STUDY RELEASE,,COMMUNITY/PRE-RELEASE PROGRAMS
19D,19,COMMUNITY/PRE-RELEASE PROGRAMS,D,ESCORTED TRIPS,,COMMUNITY/PRE-RELEASE PROGRAMS
19E,19,COMMUNITY/PRE-RELEASE PROGRAMS,E,"RELEASE PLANS - APPROVAL, GRATUITY, SUPERVISION",,COMMUNITY/PRE-RELEASE PROGRAMS
19F,19,COMMUNITY/PRE-RELEASE PROGRAMS,F,RESIDENTIAL REENTRY CENTER REFERRALS,,COMMUNITY/PRE-RELEASE PROGRAMS
19G,19,COMMUNITY/PRE-RELEASE PROGRAMS,G,CORRECTIONS COMPONENT ISSUES,,COMMUNITY/PRE-RELEASE PROGRAMS
19H,19,COMMUNITY/PRE-RELEASE PROGRAMS,H,ELDERLY OFFENDER HOME DETENTION PROGRAM,,COMMUNITY/PRE-RELEASE PROGRAMS
19Z,19,COMMUNITY/PRE-RELEASE PROGRAMS,Z,OTHER COMMUNITY PROGRAMS,,COMMUNITY/PRE-RELEASE PROGRAMS
20A,20,DHO/CDC/CONT. HOUSING APPEALS,A,DHO APPEAL - PROCEDURES,,DHO/CDC/CONT. HOUSING APPEALS
20B,20,DHO/CDC/CONT. HOUSING APPEALS,B,DHO APPEAL - EVIDENCE,,DHO/CDC/CONT. HOUSING APPEALS
20C,20,DHO/CDC/CONT. HOUSING APPEALS,C,DHO APPEAL - SANCTION,,DHO/CDC/CONT. HOUSING APPEALS
20D,20,DHO/CDC/CONT. HOUSING APPEALS,D,"DHO APPEAL - COMBINED (PROCEDURES, EVIDENCE & SANCTIONS)",,DHO/CDC/CONT. HOUSING APPEALS
20E,20,DHO/CDC/CONT. HOUSING APPEALS,E,CONTRACT COMM. CORR. CTR. DISCIPLINE - MAJOR SANCTIONS,,DHO/CDC/CONT. HOUSING APPEALS
20F,20,DHO/CDC/CONT. HOUSING APPEALS,F,CONTROLLED HOUSING STATUS APPEAL,,DHO/CDC/CONT. HOUSING APPEALS
20G,20,DHO/CDC/CONT. HOUSING APPEALS,G,DHO APPEAL - CODE 108 CELL PHONE POSS/ELECTRONIC DEVICE,,DHO/CDC/CONT. HOUSING APPEALS
20Z,20,DHO/CDC/CONT. HOUSING APPEALS,Z,OTHER DHO RELATED MATTERS,,DHO/CDC/CONT. HOUSING APPEALS
21A,21,UDC/RRC ACTIONS,A,UDC ACTION,,UDC/RRC ACTIONS
21B,21,UDC/RRC ACTIONS,B,CONTRACT COMM. CORR. CTR. DISCIPLINE - MINOR SANCTIONS,,UDC/RRC ACTIONS
22A,22,SPECIAL HOUSING UNITS,A,"ADMINISTRATIVE DETENTION - PLACEMENT, REVIEWS, RELEASE",,SPECIAL HOUSING UNITS
22B,22,SPECIAL HOUSING UNITS,B,ADMINISTRATIVE DETENTION - REQUEST PLACEMENT FOR PROTECTION,,SPECIAL HOUSING UNITS
22C,22,SPECIAL HOUSING UNITS,C,ADMINISTRATIVE DETENTION CONDITIONS,,SPECIAL HOUSING UNITS
22D,22,SPECIAL HOUSING UNITS,D,"DISCIPLINARY SEGREGATION - RELEASE, CONDITIONS, ETC.",,SPECIAL HOUSING UNITS
22E,22,SPECIAL HOUSING UNITS,E,EXCESSIVE USE OF FORCE - FORCED CELL MOVES,,SPECIAL HOUSING UNITS
22Z,22,SPECIAL HOUSING UNITS,Z,OTHER SPECIAL HOUSING UNIT MATTERS,,SPECIAL HOUSING UNITS
23A,23,SEARCHES AND USE OF RESTRAINTS,A,PAT SEARCHES,,SEARCHES AND USE OF RESTRAINTS
23B,23,SEARCHES AND USE OF RESTRAINTS,B,VISUAL (STRIP) SEARCHES,,SEARCHES AND USE OF RESTRAINTS
23C,23,SEARCHES AND USE OF RESTRAINTS,C,QUARTERS SEARCHES,,SEARCHES AND USE OF RESTRAINTS
23D,23,SEARCHES AND USE OF RESTRAINTS,D,RESTRAINED TO BED,,SEARCHES AND USE OF RESTRAINTS
23Y,23,SEARCHES AND USE OF RESTRAINTS,Y,OTHER SEARCHES,,SEARCHES AND USE OF RESTRAINTS
23Z,23,SEARCHES AND USE OF RESTRAINTS,Z,OTHER USE OF RESTRAINTS,,SEARCHES AND USE OF RESTRAINTS
24A,24,FOOD,A,FOOD - EXCEPT DIETS & RELIGIOUS FOOD/MEALS,,FOOD
24B,24,FOOD,B,MEDICAL DIETS - DELIVERY/PREPARATION OF,,FOOD
24C,24,FOOD,C,RELIGIOUS FOOD: CERTIFIED/NON-FLESH - DELIVERY/PREPARATION OF,,FOOD
24D,24,FOOD,D,OTHER SPECIAL DIETS,,FOOD
24E,24,FOOD,E,KITCHEN OR DINING HALL - CONDITIONS,,FOOD
24F,24,FOOD,F,MEALS: CEREMONIAL - DELIVERY/PREPARATION OF,,FOOD
24G,24,FOOD,G,MEALS: FASTS - DELIVERY/PREPARATION OF,,FOOD
25A,25,"OPERATIONS, INSTITUTION",A,INSTITUTION CLOTHING AND SERVICES,,"OPERATIONS, INSTITUTION"
25B,25,"OPERATIONS, INSTITUTION",B,PERSONAL CLOTHING OR LAUNDERING,,"OPERATIONS, INSTITUTION"
25C,25,"OPERATIONS, INSTITUTION",C,"SAFETY, SANITATION, ENVIRONMENTAL CONDITIONS",,"OPERATIONS, INSTITUTION"
25D,25,"OPERATIONS, INSTITUTION",D,PERSONAL PROPERTY - INCL. CONFISCATION OR DESTRUCTION,,"OPERATIONS, INSTITUTION"
25E,25,"OPERATIONS, INSTITUTION",E,COMMISSARY SERVICES - PRODUCTS & OPERATIONS,,"OPERATIONS, INSTITUTION"
25F,25,"OPERATIONS, INSTITUTION",F,"COMMISSARY ACCOUNT - POSTING FUNDS, FORMS 21/24, ETC.",,"OPERATIONS, INSTITUTION"
25G,25,"OPERATIONS, INSTITUTION",G,PHOTOCOPY REQUEST,,"OPERATIONS, INSTITUTION"
25S,25,"OPERATIONS, INSTITUTION",S,"SMOKE, SMOKING OR TOBACCO RELATED CONCERNS",,"OPERATIONS, INSTITUTION"
25Z,25,"OPERATIONS, INSTITUTION",Z,OTHER OPERATIONS,,"OPERATIONS, INSTITUTION"
26M,26,MEDICAL-EXC. FORCED TREATMENT,M,MEDICATION ASSISTED TREATMENT,,MEDICAL (EXCLUDING FORCED TREATMENT)
26A,26,MEDICAL-EXC. FORCED TREATMENT,A,MEDICAL CARE - DELAY OR ACCESS TO,,MEDICAL (EXCLUDING FORCED TREATMENT)
26B,26,MEDICAL-EXC. FORCED TREATMENT,B,MEDICAL CARE - IMPROPER OR INADEQUATE,,MEDICAL (EXCLUDING FORCED TREATMENT)
26C,26,MEDICAL-EXC. FORCED TREATMENT,C,SICK CALL PROCEDURES,,MEDICAL (EXCLUDING FORCED TREATMENT)
26D,26,MEDICAL-EXC. FORCED TREATMENT,D,"PRESCRIPTIONS, MEDICATION",,MEDICAL (EXCLUDING FORCED TREATMENT)
26E,26,MEDICAL-EXC. FORCED TREATMENT,E,"CONSULTANT REFERRALS, RECOMMENDATIONS",,MEDICAL (EXCLUDING FORCED TREATMENT)
26F,26,MEDICAL-EXC. FORCED TREATMENT,F,"PREGNANCY, ABORTION, CHILDBIRTH",,MEDICAL (EXCLUDING FORCED TREATMENT)
26G,26,MEDICAL-EXC. FORCED TREATMENT,G,OTHER WOMEN'S MEDICAL ISSUES,,MEDICAL (EXCLUDING FORCED TREATMENT)
26H,26,MEDICAL-EXC. FORCED TREATMENT,H,MEDICAL RECORDS,,MEDICAL (EXCLUDING FORCED TREATMENT)
26I,26,MEDICAL-EXC. FORCED TREATMENT,I,"NON-MEDICATION PRESCRIPTIONS - BED BOARDS, IDLES, ETC.",,MEDICAL (EXCLUDING FORCED TREATMENT)
26P,26,MEDICAL-EXC. FORCED TREATMENT,P,MEDICAL MATTERS - COPAY ISSUES,,MEDICAL (EXCLUDING FORCED TREATMENT)
26T,26,MEDICAL-EXC. FORCED TREATMENT,T,TRANSGENDER CONCERNS/ISSUES,,MEDICAL (EXCLUDING FORCED TREATMENT)
26Z,26,MEDICAL-EXC. FORCED TREATMENT,Z,OTHER MEDICAL MATTERS,,MEDICAL (EXCLUDING FORCED TREATMENT)
27A,27,DENTAL CARE,A,"DENTAL APPLIANCES (BRACES, BRIDGES, CROWNS, ETC.)",,DENTAL CARE
27B,27,DENTAL CARE,B,DENTAL CARE - IMPROPER OR INADEQUATE,,DENTAL CARE
27C,27,DENTAL CARE,C,DENTAL CARE - DELAY OR ACCESS TO,,DENTAL CARE
27Z,27,DENTAL CARE,Z,OTHER DENTAL MATTERS,,DENTAL CARE
28A,28,MENTAL HEALTH CARE,A,PSYCHOTROPIC OR OTHER MENTAL HEALTH MEDICATIONS,,MENTAL HEALTH CARE
28B,28,MENTAL HEALTH CARE,B,MENTAL HEALTH TREATMENT - DELAY OR ACCESS TO,,MENTAL HEALTH CARE
28Z,28,MENTAL HEALTH CARE,Z,OTHER MENTAL HEALTH MATTERS,,MENTAL HEALTH CARE
29A,29,MEDICAL TREATMENT - FORCED,A,HUNGER STRIKES AND FORCED FEEDING,,MEDICAL TREATMENT - FORCED
29B,29,MEDICAL TREATMENT - FORCED,B,FORCED PSYCHOTROPIC MEDICATION,,MEDICAL TREATMENT - FORCED
29Z,29,MEDICAL TREATMENT - FORCED,Z,OTHER FORCED MEDICAL TREATMENT,,MEDICAL TREATMENT - FORCED
30A,30,JAIL TIME CREDIT,A,CREDIT FOR TIME SPENT IN JAIL,,JAIL TIME CREDIT
30B,30,JAIL TIME CREDIT,B,CREDIT FOR TIME SPENT ON BOND,,JAIL TIME CREDIT
30C,30,JAIL TIME CREDIT,C,CREDIT FOR TIME IN RESIDENTIAL REENTRY CENTER,,JAIL TIME CREDIT
30D,30,JAIL TIME CREDIT,D,CREDIT FOR TIME ON HOME CONFINEMENT,,JAIL TIME CREDIT
30E,30,JAIL TIME CREDIT,E,CREDIT FOR RDAP - EARLY RELEASE ELIGIBILITY,,JAIL TIME CREDIT
30Z,30,JAIL TIME CREDIT,Z,OTHER JAIL TIME CREDIT,,JAIL TIME CREDIT
31A,31,SENTENCE COMPUTATION,A,CONCURRENT SERVICE,,SENTENCE COMPUTATION
31B,31,SENTENCE COMPUTATION,B,AGGREGATION OF SENTENCE,,SENTENCE COMPUTATION
31C,31,SENTENCE COMPUTATION,C,ORDER OF SERVICE OF SENTENCES,,SENTENCE COMPUTATION
31D,31,SENTENCE COMPUTATION,D,CREDIT FOR TIME ON ANOTHER SENTENCE - SAME CRIMINAL ACT,,SENTENCE COMPUTATION
31E,31,SENTENCE COMPUTATION,E,INOPERATIVE TIME ON ESCAPE STATUS,,SENTENCE COMPUTATION
31F,31,SENTENCE COMPUTATION,F,COMPUTATION OF VIOLATOR TERM,,SENTENCE COMPUTATION
31G,31,SENTENCE COMPUTATION,G,GOOD TIME EARNED ON PREVIOUS COMMITMENT,,SENTENCE COMPUTATION
31H,31,SENTENCE COMPUTATION,H,DISTRICT OF COLUMBIA (DC) EXTRA GOOD TIME,,SENTENCE COMPUTATION
31Z,31,SENTENCE COMPUTATION,Z,OTHER SENTENCE COMPUTATION,,SENTENCE COMPUTATION
32A,32,RECORDS MANAGEMENT,A,RECORD MAINTENANCE,,RECORDS MANAGEMENT
32B,32,RECORDS MANAGEMENT,B,"DETAINERS, PRODUCTION ON WRIT",,RECORDS MANAGEMENT
32C,32,RECORDS MANAGEMENT,C,"PAROLE SCHEDULING, DOCKETING",,RECORDS MANAGEMENT
32D,32,RECORDS MANAGEMENT,D,PRESENTENCE INVESTIGATION REPORT (ERRORS),,RECORDS MANAGEMENT
32E,32,RECORDS MANAGEMENT,E,PRESENTENCE INVESTIGATION REPORT (ACCESS TO),,RECORDS MANAGEMENT
32Z,32,RECORDS MANAGEMENT,Z,OTHER RECORDS MANAGEMENT,,RECORDS MANAGEMENT
33A,33,LEGAL MATTERS,A,"LAW LIBRARY - ACCESS, REFERENCE MATERIALS",,LEGAL MATTERS
33B,33,LEGAL MATTERS,B,"LAW LIBRARY - EQUIPMENT, SUPPLIES, SERVICES",,LEGAL MATTERS
33C,33,LEGAL MATTERS,C,LEGAL ASSISTANCE PROGRAMS,,LEGAL MATTERS
33D,33,LEGAL MATTERS,D,LEGAL VISITS,,LEGAL MATTERS
33E,33,LEGAL MATTERS,E,LEGAL PHONE CALLS,,LEGAL MATTERS
33F,33,LEGAL MATTERS,F,SPECIAL/LEGAL MAIL,,LEGAL MATTERS
33G,33,LEGAL MATTERS,G,PERSONAL LEGAL MATERIALS AND LAW BOOKS,,LEGAL MATTERS
33H,33,LEGAL MATTERS,H,ADMINISTRATIVE REMEDY PROCEDURES,,LEGAL MATTERS
33I,33,LEGAL MATTERS,I,LAW LIBRARY - STATE LEGAL REFERENCE MATERIAL,,LEGAL MATTERS
33Z,33,LEGAL MATTERS,Z,OTHER LEGAL,,LEGAL MATTERS
34A,34,STAFF/OTHERS - COMPLAINTS,A,"UNPROFESSIONAL, INAPPROPRIATE CONDUCT OR MISCONDUCT BY STAFF",,STAFF/OTHERS - COMPLAINTS
34B,34,STAFF/OTHERS - COMPLAINTS,B,HARASSMENT BY STAFF,,STAFF/OTHERS - COMPLAINTS
34C,34,STAFF/OTHERS - COMPLAINTS,C,DISCRIMINATION,,STAFF/OTHERS - COMPLAINTS
34D,34,STAFF/OTHERS - COMPLAINTS,D,ASSAULT BY STAFF,,STAFF/OTHERS - COMPLAINTS
34E,34,STAFF/OTHERS - COMPLAINTS,E,COMPLAINT AGAINST NON-STAFF PERSON,,STAFF/OTHERS - COMPLAINTS
34F,34,STAFF/OTHERS - COMPLAINTS,F,SEXUAL ASSAULT/ABUSE BY STAFF,,STAFF/OTHERS - COMPLAINTS
34Z,34,STAFF/OTHERS - COMPLAINTS,Z,OTHER COMPLAINT AGAINST STAFF,,STAFF/OTHERS - COMPLAINTS
35A,35,DISABILITY-PHYSICAL OR MENTAL,A,MEDICAL TREATMENT,,DISABILITY-PHYSICAL OR MENTAL
35B,35,DISABILITY-PHYSICAL OR MENTAL,B,ACCESS TO FACILITIES (PHYSICAL BARRIERS),,DISABILITY-PHYSICAL OR MENTAL
35C,35,DISABILITY-PHYSICAL OR MENTAL,C,"ACCESS TO PROGRAMS (RRC REFERRALS, RECREATION, ETC.)",,DISABILITY-PHYSICAL OR MENTAL
35D,35,DISABILITY-PHYSICAL OR MENTAL,D,"REHABILITATION ACT ACCOMMODATION ISSUES (E.G. DEAF, BLIND)",,DISABILITY-PHYSICAL OR MENTAL
36A,36,OTHER STATUTORILY-MANDATED PROCEDURES,A,PRIVACY - PROCESS AND PROCEDURAL,,OTHER STATUTORILY-MANDATED PROCEDURES
36B,36,OTHER STATUTORILY-MANDATED PROCEDURES,B,PRIVACY - REDRESS,,OTHER STATUTORILY-MANDATED PROCEDURES
36C,36,OTHER STATUTORILY-MANDATED PROCEDURES,C,PRIVACY - OPERATIONAL,,OTHER STATUTORILY-MANDATED PROCEDURES
36D,36,OTHER STATUTORILY-MANDATED PROCEDURES,D,PRIVACY - REFERRALS,,OTHER STATUTORILY-MANDATED PROCEDURES
36E,36,OTHER STATUTORILY-MANDATED PROCEDURES,E,FOIA MATTERS,,OTHER STATUTORILY-MANDATED PROCEDURES
36F,36,OTHER STATUTORILY-MANDATED PROCEDURES,F,INMATE ACCIDENT COMPENSATION,,OTHER STATUTORILY-MANDATED PROCEDURES
36G,36,OTHER STATUTORILY-MANDATED PROCEDURES,G,REQUESTS FOR MONETARY COMPENSATION,,OTHER STATUTORILY-MANDATED PROCEDURES
37A,37,PREA,A,SEXUAL ABUSE BY STAFF,,SEXUAL ABUSE
37B,37,PREA,B,SEXUAL ABUSE BY INMATE,,SEXUAL ABUSE
38A,38,FSA,A,FSA ELIGIBILITY,,FIRST STEP ACT
38B,38,FSA,B,FSA PATTERN,,FIRST STEP ACT
38C,38,FSA,C,FSA NEEDS ASSESSMENT,,FIRST STEP ACT
38D,38,FSA,D,FSA TIME CREDITS,,FIRST STEP ACT
38E,38,FSA,E,FSA - PROGRAMMING / INCENTIVES,,FIRST STEP ACT
38Z,38,FSA,Z,FSA - OTHER,,FIRST STEP ACT
